{"mass":1.413,"centerOfMass":[-0.0017,0,0.0717],"transformation":[1,0,0,0,0,1,0,0,0,0,1,0,0,0,0,1],"inertia":[0.002768,0,0,0,0.003149,0,0,0,0.000564]}